k,wcss_train,wcss_test,silhouette_train,silhouette_test,ari_test
2,195.35128784179688,47.97254943847656,0.17205606400966644,0.1963462084531784,0.800417403510068
3,180.37596130371094,44.82484436035156,0.14315466582775116,0.15242642164230347,0.6362883028021981
4,173.43275451660156,43.47591018676758,0.09560207277536392,0.09391256421804428,0.46357068951917857
5,168.11647033691406,42.67747497558594,0.08921877294778824,0.07943139225244522,0.38984066242819126
6,163.25485229492188,41.967979431152344,0.09111248701810837,0.07829999923706055,0.33605947955390336
7,159.2353057861328,41.38811111450195,0.08838286995887756,0.06660937517881393,0.255920820077766
8,156.239501953125,41.21909713745117,0.08803584426641464,0.06061146780848503,0.24772255669182167
9,154.1603546142578,40.395267486572266,0.08414185047149658,0.06547673791646957,0.19790551547591342
10,152.2501983642578,40.17982864379883,0.06250975281000137,0.043769728392362595,0.17725173210161663
